{
  "31c31732-5a98-4f23-a675-c2d943ca0641": {
    "recent_adaptation_score": 0.46299999999999997,
    "intervention_required": false
  },
  "d8236c39-b19d-4d01-8b28-63604a24bded": {
    "recent_adaptation_score": 0.0,
    "intervention_required": false
  },
  "b37ae220-80dc-4a40-8738-bd3f18c13388": {
    "recent_adaptation_score": 0.0,
    "intervention_required": false
  },
  "ac6db39b-29ab-4f4f-868e-84ebbed9d7e6": {
    "recent_adaptation_score": 0.46299999999999997,
    "intervention_required": false
  },
  "418a670f-1ab8-4ebe-9a07-b27404ef99db": {
    "recent_adaptation_score": 0.0,
    "intervention_required": false
  },
  "cd7457a7-5752-47d4-bf31-62a2042de9a2": {
    "recent_adaptation_score": 0.0,
    "intervention_required": false
  },
  "c68491d2-d36d-48cc-be6f-cbc5fb532d8f": {
    "recent_adaptation_score": 0.46299999999999997,
    "intervention_required": false
  },
  "c04445ab-2f88-454b-9f00-68f6019577bd": {
    "recent_adaptation_score": 0.0,
    "intervention_required": false
  },
  "abbe6a99-c70b-416c-b126-502bbf92b7f2": {
    "recent_adaptation_score": 0.0,
    "intervention_required": false
  }
}